,MS pg,CONTENT,DATES,PAGES,kind of document,topic,,INDIOS,,,,,,,,,,,,,,,,,
VOL 1,,,,,,,,,,,,,,,,,,,,,,,,,
1571,,court proceeding,1 Dec 1571,379,Prosecutor's formal accusation (denunciation),"against Fray Alonso Gasco, Cruz, and Fray Pedro de Toro. ",,,,,,,,,,,,,,,,,,,
,,misc,22 Jul  1571,380,Bishop of Quito's letter to Inquisition,,,,,,,,,,,,,,,,,,,,
,,misc,4 Aug 1571,381-382,,,,,,,,,,,,,,,,,,,,,
,,court proceeding,15 Oct 1571,382-383,Naming of calificadores,,,,,,,,,,,,,,,,,,,,
,X,misc,21 Jul 1571,383-384,Gasco's letter to Inquisitor Cerezuela,,,,,,,,,,,,,,,,,,,,
,X,misc,21 Ju 1571 ,384-385,Gasco's letter to Cruz,I've told the Inquisition about what we did,,,,,,,,,,,,,,,,,,,
,X,misc,21 Jul 1571,385-387,Gasco's audience w Bishop,,,,,,,,,,,,,,,,,,,,
,X,misc,22 July 1571,387-389,Gasco's audience w Bishop,,,,,,,,,,,,,,,,,,,,
,1052,court proceeding,9 Oct 1571,389,Tribunal's order for Cruz to be questioned,,,,,,,,,,,,,,,,,,,,
,,oral testimony,9 Oct 1571,390-395,,,,,,,,,,,,,,,,,,,,,
,,written testimony,9 Oct 1571,395-400,Cruz's first written statement,,,,,,,,,,,,,,,,,,,,
,,oral testimony,9 Oct 1571,400-401,,,,,,,,,,,,,,,,,,,,,
,,written testimony ,19 Oct 1571,402-469,Cruz's second written statement 40 pages,how Cruz got involved in Maria's case - throws Pedro de Toro under bus; nacimiento de Gabrielico; odios entre dominicos 428; corporales y estolas; Gabriel born; San Gabriel said I would be prior; no one has worked like me 445; sometimes  ,,"Una de las cosas que mas he estudiado y aun comunicado en Espana cuando queriamos partirnos para aca, y que mas he desado saber con certidumbre desde que entre en el Peru ha sido: ?Que sera necesario que sepan los indios rudos y gente de poca capacidad, para que eon ello se puedan salvar aunque no puedan aprender los articulos y oraciones? I've resolved this doubt: the necessary is that they sepan y crean que hay un Dios solo y que tiene cuidado de los hombres; y who saves the good and punishes the wicked after death. ""y de las demas cosas aprenda cada uno lo que pudiere segun su capacidad. He asked Maria this question. She said ""no era a los tales necesario creer que Cristo es nuestro Salvador."" Later St. Gabriel -- or maybe St. Pablo? -- confirmed it.  455    ",,,,,,,,,,,,,,,,,
,,,,,,,,"p. 465 Maria/Angel/saints said: ""De los conquistadores y conquistas de las Indias dijo que no tenemos razon los frailes de condenarlas y decir que se van al infierno los conquistadores, y que como han de ser ensenados los indios si no los conquistan. Y que los vecinos no hagan agravios a sus indios, y llevenles sus tasas; que no hay en eso pecado sino cuando claramente son injustas. Y no les hagan otros agravios."" 465",,,,,,,,,,,,,,,,,
,,court preceeding,1 Dec 1571,469-470,notary's statement,"Notary records he went to Archbishop's house. Archbishop says he's too ill to travel but he'll come on Monday. On Monday, Archbishop sends word that he is still too ill. Does it have to do with Lutherans?",,,,,,,,,,,,,,,,,,,
,,court preceeding,14 Dec 1571,470-472,Tribunal's order for Cruz to be imprisoned,,,,,,,,,,,,,,,,,,,,
,,oral testimony ,1 Dec 1571,472-473,,,,,,,,,,,,,,,,,,,,,
,,oral testimony ,17 Dec 1571,474-475,,,,,,,,,,,,,,,,,,,,,
1572,,court preceeding,25 Jan 1572,475,notary's statement,Notary records imprisonment,,,,,,,,,,,,,,,,,,,
,,oral testimony,29 Feb 1572,476-482,Cruz's autobiographical statement,San Gregorio p 480,,,,,,,,,,,,,,,,,,,
,,oral testimony,1 Mar 1572,482-486,continuation of autobiographical statement,,,,,,,,,,,,,,,,,,,,
,,court preceeding,3 Mar 1572,486-487,notary's statement,'s lodging Cruz's written statement,,,,,,,,,,,,,,,,,,,
,,written testimony ,3 Mar 1572,487-515,,11.5 pages  HUERGA SAYS THIS IS 5TH   WRITTEN STATEMENT -- NOTARY'S INTRO ON P 486. CRUZ'S WRITTEN STATEMENT STARTS ON P 487,,,,,,,,,,,,,,,,,,,
,,court preceeding,3 Mar 1572,515-516,notary's statement,"Cruz was crying as he was reading his writing, he was warned to tell the truth and Cruz's response.",,,,,,,,,,,,,,,,,,,
,,oral testimony,14 Mar 1572,516-519,,,,,,,,,,,,,,,,,,,,,
,,,,,,,,,,,,,,,,,,,,,,,,,
,,written testimony ,[18 Mar 1572],519-520,,Huerga says 18 mar 1572 he presents 5 pgs  &  this is the 6th written testimony       But Huerga quotes from this (supposedly) and it's not in Abril MISSING FROM ABRIL CASTELLO    San Gregorio 524,,,,,,,,,,,,,,,,,,,
,,written testimony,[20 Mar 1572],520-528,,,,,,,,,,,,,,,,,,,,,
,,written testimony,23 May 1572,528-535,,admits Gabrielico is his son; his dalliances,,,,,,,,,,,,,,,,,,,
,,oral testimony ,23 May 1572,535-541,,all about the dalliances,,,,,,,,,,,,,,,,,,,
,,court proceeding ,28 May 1572,541,notary's statement,morning session,,,,,,,,,,,,,,,,,,,
,,oral testimony,28 May 1572,541-546,,afternoon session,,,,,,,,,,,,,,,,,,,
,,oral testimony ,30 May 1572,547-550,,relationship w/ Dona Leonora  ABRIL PUTS A DATE ON THIS OF 24 JULY 1570  FOR SOME REASON ,,,,,,,,,,,,,,,,,,,
,,oral testimony,2 June 1572,550-551,,,,,,,,,,,,,,,,,,,,,
,,oral testimony,3 June 1572,551-552,,reveals Dona Leonara is the mom of gabrielico;,,,,,,,,,,,,,,,,,,,
,,written testimony ,3 June 1572,552-560,,"3 pages  God favors Maria and Gabrielico 555; code 557; am I guilty b/c I was with Carranza? I had a suspision he was a heretic 559  HUERGA SAYS THIS IS 8TH WRITTEN STATEMENT p 91 Lo que se decir es que si he estado enganado en tener a este angel por bueno, i had good intentions. 557",,,,,,,,,,,,,,,,,,,
,,oral testimony,11 Sep 1572,560-566,,he asked Maria if slaves are Ok? (560)  Yes. Angel or Maria said he would be provincial ,,,,,,,,,,,,,,,,,,,
,,oral testimony,12 Sep 1572,566-568,,,,,,,,,,,,,,,,,,,,,
,,oral testimony,29 Oct 1572,568-569,,,,,,,,,,,,,,,,,,,,,
,,court proceeding ,29 Oct 1572,573-613,First accusation,130 capitulos,,"p 600 the content of the quote above (p. 455) is in 1st accusation, cap 88: ""Y que sin fe explicita de la Trinidad ni del Misterio de la Encarnacion ni de otro articulo de la fe, se podian salvar por su rudeza. …""no fuesen capaces de mas."" He not only preached and taught this publicly, but he wrote it down and signed it ""en sus escritos y papeles... Y consultado con el falso santo Gabriel, le respondio que la moza endemoniada le habia dicho bien, y que san Pablo fue el que respondio en ella. 600",,,,,,,,,,,,,,,,,
,,oral testimony,4 Nov 1572,614-618,Oral response to first accusation,,,,,,,,,,,,,,,,,,,,
,,court proceeding ,19 Nov 1572,618-619,Inquisitors criticize the first accusation,"""le advertieron de algunas cosas en que venia diminuta la dicha acusacion""",,,,,,,,,,,,,,,,,,,
,,oral testimony,19 Nov 1572,619-622,Oral response to first accusation,asks for paper. Says he shouldn't be in prison 619,,,,,,,,,,,,,,,,,,,
,,oral testimony,26 Nov 1572 ,622-28,continued,"""Autobiographical extracts""  He suspected Jeronimo de Loaiasa of Lutherism, but Juan de la Pena at San Gregorio said he's dead, leave it.  3 others prendidos. Cruz told Diego Gorbalan this story. He came to Peru bc of fear, San Gregorio association.  If I find this in the MS, check date.",,"629: hay en esta tierra muchos indios y negros que aunque no son locos, tienen tan poca capacidad que no pueden saber explicitamente arriba de tres o cuatro articulos, y esto con grande trabajo. Y si les quieren ensenar mas, no retienen nada… More about what they need to know. He's not backtracking. Each indio according to his ability needs to know what he can.  also see p. 630 re don't need Trinity or Encarnation",,,,,,,,,,,,,,,,,
,,,,,,,,,,,,,,,,,,,,,,,,,
,,written testimony,[26 Nov 1572],628-631,Written response to first accusation,ends w/ please let me go. This is all good for the Santa Madre Iglesia.  He doesn't want a lawyer.  This is random shift to first person. I'm assuming this is now written testimony ??,,,,,,,,,,,,,,,,,,,
,,written testimony,,632-641,cont.,,,,,,,,,,,,,,,,,,,,
1573,,court proceeding,17 Jan 1573,641-642,notary's statement,Cruz asks them to read notebook he wrote before he was taken into custody,,,,,,,,,,,,,,,,,,,
1573,,court proceeding,2 Apr 1573,642-644,notary's statement and a bit of oral testimony,"recording the conversation between the inquisitors and the fiscal about the second accusation. Fiscal says I accept Cruz's confessions (insofar as they support the case) and we are ready for the presentation of evidence. Cruz asks for all of his confessions to be read back to him so he can make sure they are accurate. He says he didn't want a lawyer but might need help, so OK, he requests Falcon. They give him Guarnido instead. ",,,,,,,,,,,,,,,,,,,
,,court proceeding,15 Apr 1573,644-645,notary's statement and a bit of oral testimony,"He argues that his case revolves around a ""business of the angel"". He fears that if he cannot guide the cause correctly, or if false witnesses and ""poorly qualified"" theologians convince the Inquisitors that this ""holy angel"" is actually a demon, it will provide ammunition to the Lutherans.

 Conversely, if the angel is proved ""good,"" it will expose the errors of the Lutherans and bring them back to the Roman Church.  Because of these implications for the ""Holy Mother Church,"" he now ""begs and supplicates"" for the number of lawyers appropriate for such a grave matter.",,,,,,,,,,,,,,,,,,,
,,oral testimony,2 May 1573,645-648,,"wants to continue hearing his past confessions read aloud so he can  ""record and make memory"" of the events to provide a comprehensive response later; he complains about how his case is being handled and how he is defamed, esp by Fray Antonio de Hervias.   attempting to frame himself as a victim of a smear campaign led by a personal rival (Hervías) and facilitated by a lack of security and professional secrecy within the tribunal. He argues that the ""mala cualificación"" (bad assessment) of the theologians stems from this personal malice rather than objective truth.",,,,,,,,,,,,,,,,,,,
,,oral testimony,4 May 1573,649-650,,,,650: 2nd accusation: dijo a cierta persona que el dicho su angel le habia dicho y ensenado que con solas tres cosas se pueden salvar los hombres. ,,,,,,,,,,,,,,,,,
,,oral testimony,23 May 1573,650-654,,,,,,,,,,,,,,,,,,,,,
,,court proceeding,1 Sep 1573,654-679,Second accusation,,,,,,,,,,,,,,,,,,,,
,,oral testimony,1 Sep 1573,679-682,Cruz's oral response to second accusation,Grievances Against the Tribunal and Defamation,,,,,,,,,,,,,,,,,,,
,,oral testimony,16 Sep 1573,682-688,cont.,,,,,,,,,,,,,,,,,,,,
,,court proceeding,19 Sep 1573,688,Cruz asks for paper,,,,,,,,,,,,,,,,,,,,
,,written testimony,7 Oct 1573,689-790,"Written response to second accusation. 4 notebooks, 112 pages.  On p. 732, he starts responding in writing to each individual capitulo/chapter/allegation.","Viceroy was right to kill the Incas. P 768 The latter half of the documents (under the heading ""Agravios del Tribunal..."") details Francisco’s complaints regarding how his case was being handled and how he was being defamed by others. P. 779 says he also wants to be presented the 4 notebooks he gave to the notary on June 1 1573. and now he's written a 5th notebook. Together they contain 60 pages. p 780",,"768 mentions an Indian a little before they detained me tuvo una revelacion en que vio muichas cosas de los misterios de nuestra fe, y que les decia a los demas indios: Verdad es lo que nos dicen los cristianos. …. Lo he oido decir (despues que estoy preso) que el senor virey ha hecho: Que es disipar a los incas de los Andes y cortar la cabeza a los culpados, y haberlos allanado de manera que no tengan ya los indios de este reino recurso ni esperanza en que los incas los han de senorear otra vez. ... (the fact that they were waiting for the Incas to take back their reino were keeping them from converting.)  Y quitado aquel inconveniente de los incas, me parece que facilmente se convertiran los indios a Dios. Y especialmente si cortasen tambien la cabeza o quemasen a tres o cuatro caciques o sacertodes del demonio y dogmatizadores de los mas culpados en este reino en diversas partes, porque los demas temiesen y no osasen mas dogmatizar a los pobrecillos de la comunidad... 768",,,,,,,,,,,,,,,,,
,,,,,,,,"770 Now that I've seen and felt the rigor of the Inquisition, I think it's a good thing that it has not been applied to ""cosas de los indios"". And given that they so easily ""se matan"" over trifles it's a good thing there's no inquisition. ",,,,,,,,,,,,,,,,,
,,court proceeding,20 Mar 1574,780-781,"all he confessed was read to him, from the first audiencia on 9 Oct 1571 until 8 Feb 1574. His lawyer was present. Now he's going to ""ver y estudiar.""",,,,,,,,,,,,,,,,,,,,
1574,,court proceeding,22 Mar 1574,781-784,Third accusation,,,,,,,,,,,,,,,,,,,,
,,oral testimony,22 Mar 1574,784-788,Oral response to third accusation,,,,,,,,,,,,,,,,,,,,
,,written testimony,[22 Mar 1574],788-789,this is a previous piece of writing entered into evidence,This is the written statement that Cruz referred to in his oral response to the second chapter of the third accusation.,,,,,,,,,,,,,,,,,,,
,,court proceeding,22 Mar 1574,789,notary's statement that they looked w/ the warden but couldn't find the ring.,,,,,,,,,,,,,,,,,,,,
,,oral testimony,23 Mar 1574,789-790,Oral response to third accusation cont,,,,,,,,,,,,,,,,,,,,
,,oral testimony,24 Mar 1574,790-791,Oral response to third accusation cont,,,,,,,,,,,,,,,,,,,,
,,,,,,,,,,,,,,,,,,,,,,,,,
1575,,oral testimony,23 Sep 1575,795-797,,796 says inquisidor Ulloa gave him poison; says inquisidors have cedula that says he'll be archbishop,,this here is all about Cruz's attempt to complain about the tribunal and how Ulloa in particular has treated him and has messed up his fair trial.,,,,,,,,,,,,,,,,,
,,oral testimony,24 Sep 1575,797-801,,"Ulloa has messed up w witnesses and calificadores, poisoned him, pretends to be archbishop, demands recusal ; they give him 3 pieces of paper",,,,,,,,,,,,,,,,,,,
,,oral testimony ,28 Sep 1575,801-803,,"Cruz wants to read without Ulloa present. He's worried that his previous complaints about the tribunal's ""secrets"" were leaked to the public and his enemies.",,,,,,,,,,,,,,,,,,,
,,written testimony,28 Sep 1575,803-813,"Cruz's written complaint about the tribunal, his case, etc.",816 C says that Arrieta has covered ffor crimes of Ulloa ,,,,,,,,,,,,,,,,,,,
,,oral testimony,28 Sep 1575,814-817,more on Cruz's complaints about Ulloa,there's one part here where the notary says Dr. Lucio didn't say anything. Also that Dr. Lucio retracts himself from the case. 817.,,,,,,,,,,,,,,,,,,,
,,court proceeding,28 Sep1575,817-818,Cerezuela rejects validity of Cruz's request to have Ulloa recused,,,Cerezuela is trying to figure find out if Cruz was given poison in jail by Ulloa.,,,,,,,,,,,,,,,,,
,,witness testimony,1 Oct 1575,818-819,"licensiado Torres, medico. ",he's not crazy 819,,,,,,,,,,,,,,,,,,,
,,witness testimony,1 Oct 1575,819-820,Pedro de Salvago,barbero he seemed crazy  ,,,,,,,,,,,,,,,,,,,
,,witness testimony,1 Oct 1575,820-823,"pharmacist, Jeronimo Rodriguez","re any poison? Pharmacists hands over 4 prescriptions, probably for Cruz",,,,,,,,,,,,,,,,,,,
,,witness testimony,5 Oct 1575,823-825,"fellow prisoner, Pedro de Saucedo"," fellow preso, Pedro de Saucedo who says that Cruz :decia muchas locuras…de noche y de dia. And that the inquisitors gave him poison to kill him, that he died and was resurrected 2 or 3 times.",,,,,,,,,,,,,,,,,,,
,,witness testimony,5 Oct 1575,825-826,"Cristobal Sanchez, warden",they question the alcaide de las carceles.  ,,,,,,,,,,,,,,,,,,,
,,witness testimony,6 Oct 1575,826-827,"Maestro Morales, fellow prisoner",,,,,,,,,,,,,,,,,,,,
,,witness testimony,6 Oct 1575,828-829,Gaspar de la Huerta,,,,,,,,,,,,,,,,,,,,
,,,,,,,,,,,,,,,,,,,,,,,,,
,,court proceeding,7 Oct 1575,829-832,Judgment that complaint against Inquisitor Ulloa is baseless; Cruz certifies he has received this decision p 831,,,,,,,,,,,,,,,,,,,,
,,oral testimony,11 Oct 1575,832-840,,his locura was mes de nov 1574 832; the white horse in Apoc = FC p 836 FC = figura de Jesus ,,"837 -- celebrando la nueva fundacion de la Iglesia del pueblo de Israel y la expulsion de los demonios de ella y la libertad que Dios dara a los indios proveyendo que no sean opresos de los espanoles, como en muchas partes lo son tanto y mas que lo fueron los de Israel por mano de faraon. ",,,,,,,,,,,,,,,,,
,,,,,,"Apocalypse -- …dijo dios a este confesante que aquello significa a este mismo confesante. 836; God will make sure the Indios will not be oppressed by the Spanish, but rather ""en libertad"" 837",,"He will be the pastor for the indians. ""Y para que el gobierno de los indios no se les pongan las leyes civiles ni canonicas que tienen y guardan los espanoles, sino las leyes de Moises judiciales y morales. 850  ",,,,,,,,,,,,,,,,,
,,oral testimony,17 Oct 1575,841-842,,,,,,,,,,,,,,,,,,,,,
,,oral testimony,23 Oct 1575,843-846,,asks for Bible ; in Indies donde esta el pueblo de Israel p 845-6,,,,,,,,,,,,,,,,,,,
,,,,,,"Efemeridum opus -- habra en el mudanza de religiones o leyes. … donde eran cristianos, no lo seran; y donde no lo eran, lo seran. Que es en las Indias. 846 (23 Oct 1575)",,,,,,,,,,,,,,,,,,,
,,oral testimony ,24 Oct 1575,846-853,,"24 Oct 1575 translatio ecclesiae 847, 846   turks will destroy iglesia europa, kill Pope before another pope is elected.848   translatio ecclesiae 851; 852 la iglesia ha de pasar al pueblo de Israel antes del dia de juicio"" ,  Dios quiere prosperidad y abundancia para las Indias (pueblo de Israel).",,,,,,,,,,,,,,,,,,,
,,oral testimony,3 Nov 1575,853-856,,"el castigo que dios ha de hacer en la iglesia… y la fundacion de la iglesia en el pueblo de Israel, que es en las Indias 855 - FC = profeta de Dios -- he may have to die like the apostles 856",,,,,,,,,,,,,,,,,,,
,,court proceeding,1 Dec 1575,857-858,Cruz is told to tell everything he has to tell before publication of witness testimony. The fiscal chimes in too.,they are going to give him redacted witness testimony,,,,,,,,,,,,,,,,,,,
,,,,,,,,,,,,,,,,,,,,,,,,,
,,"LEAVE WITNESS TESTIMONY AS ONE CHUNK AND NOT WORRY ABOUT DATES, ETC. FOR NOW.",,, [HE RECEIVES WRITTEN TESTIMONY OF WITNESSES IN DEC 1575 ,,,,,,,,,,,,,,,,,,,,
,,witness testimony,,861-1016,,,,,,,,,,,,,,,,,,,,,
,,Witness testimony,Feb 1572,861-,Ana de Ribera #22,,,,,,,,,,,,,,,,,,,,
,,Witness testimony,Feb 1573,867-872,Ana de Ribera #22,,,,,,,,,,,,,,,,,,,,
,,Witness testimony,Feb 1572,872,"Cristobal Sanchez de Rozas, alcaide #23",,,,,,,,,,,,,,,,,,,,
,,Witness testimony,May 1573,872-873,"Cristobal Sanchez de Rozas, alcaide #23",,,,,,,,,,,,,,,,,,,,
,,Witness testimony,Nov 1574,873-874,"Cristobal Sanchez de Rozas, alcaide #23",,,,,,,,,,,,,,,,,,,,
,,Witness testimony,Jan 1575,875-879,"Cristobal Sanchez de Rozas, alcaide #23","Cristobal Sanchez de Rozas, alcaide de las carceles, says: he said he was god, he would be pope and king 875 (this was in Nov 1574 when he was crazy)",,,,,,,,,,,,,,,,,,,
,,,,,,,,,,,,,,,,,,,,,,,,,
,,,,,,,,,,,,,,,,,,,,,,,,,
,,,,,,,,,,,,,,,,,,,,,,,,,
1575,,court proceding,[Dec 1575?],1019,Notary statement - Cruz given witness testimony and 2 packets of paper (50 pages),,,,,,,,,,,,,,,,,,,,
1576,,written testimony,7-Jan,1019-1169,Written response to witness testimony,"41.5 pages   p 1029: Says it's true that he was totally crazy y despues menos loco,.  ""Estuve loco hasta julio del ano peoximo pasado de 1575""…    p 1038 Cruz says that he was praying in his cell after finding out that Dona Leonora was pregnant (w his child) when Gasco game to his cell to invite him to go to Maria Pizarro's house for first time.  ",,"a los indios quiera Dios hacerles tan grandes mercedes y regalos espirituales -- but at the beginning they have little faith and understanding. Pero los espanoles que estamos en el Peru e Indias no seremos asi regalados, sino que nos ayudemos, pues que Dios nos ha dado fe y entendimiento. Y que particularmente seams ministros y ayudadores de Dios para atraer a los indios de las idolatrias al amor y servicio de Dios. Y de esta manera seremos favorecidos y soccoridos de Dios y de sus angeles, aunque no los veamos visibblemente como creo que los veran los indios.. hasta que vengan a ser fuertes en la fe y no hayan mas menester regalos tan extraordinarios, conforme a aquellos del salmo... Que es como quin van llevando a un nino de dos anos de la mano, hasta que el sepa y pueda andar suelto.  p1045-6  Spaniards will be god's helpers to bring indios to god. They won't get such great help. but should do their part.                                                      ",,,,,,,,,,,,,,,,,
,,,,,,1099 inquisitors gave me poison to kill me 1099,,"Spaniards should treat w/ ""misericordia"" and ""castidad"" ""amor"" ",,,,,,,,,,,,,,,,,
,,,,,,"1114 says he's descendant of king david ""por via de los antiguos reyes de Espana""",,"si a los indios quitamos las cosas en que se recrean como son sus bailes sin idolatria, se volveran a los demonios y haran sus taquies en honra del demonio e idolatraran.  P 1058",,,,,,,,,,,,,,,,,
,,,,,,,,"a los indios ni les quitemos las cosas que no son de suyo malas a que tienen aficion, ni los necesitemos en que guarden los mandamientos positivos que para su flaqueza son muy trabajosos, como es ayunar y confesarse, antes que tengan la fe arriagada. Porque por la una via y por la otra, se apartaran de Dios. p 1060-61.",,,,,,,,,,,,,,,,,
,,,,,,"1169: Y en suma torno a decir la sustancia de todo este proceso, que es que se enmienden los cristianos de Europa. Si no, que Dios los destruira por mano del turco y fundara su Iglesia en las Indias…  Y que si Dios destruye a Europa, que sea la cabeza de la Iglesia Lima. 1169",,"God told him that Maria's mother Catalina's Cermeno's complaints about her daughter ""era por el odio que tenia a la hija. Lo cual es figura del odio y menosprecio que los gentiles tenemos a los judios e indios. Asi me lo dijo Dios.""  1066",,,,,,,,,,,,,,,,,
,,,,,,,,"  ,…que sobrellevemos a los indios, aunque perdamos algo de nuestras haciendas y ellos gasten mal lo que les dieremos, que todo es nineria lo que ellos han menester de lo temporarl. 1068  ""y por los indios ha de hacer Dios mercedes a los que los ensenaren y sobrellevaren.  1070",,,,,,,,,,,,,,,,,
VOL 2,,,,,,,,,,,,,,,,,,,,,,,,,
[1574],,written testimony,written between 1 sep 1573 and 1 June 1574,II:463-533,4 notebooks in response to 2nd accusation (and all of his previous testimony?),"translatio ecclesiae p 502-4; [Meneses 503 ]dreams  he wrote before and turned in but they weren't ""lodged"". After 2nd accusation, he asked that they be lodged.  This is in Vol 1 p 779-780; p 528 I have the instinct of a prophet  ""no por eso quiero decir que soy profeta, pero digo que principalmente me fundo en esta luz o instinto""  -- NO DESTRUCTION YET",," ""gente tan flaca, como son los indios"" (they are lazy)  502; descendants of pueblo de Israel"" 536; lang. like Hebrew 537; Dios quiere remediar al Peru - mine production slowed because God wanted Indios not to suffer 542; god wanted viceroy to kill incas of the andes so los indios would calm down and convert 542 Indios tienen mas fe con los incas de los andes que con los cristianos; descendants of Israel 556; ",,,,,,,,,,,,,,,,,
[1574],,written testimony,written between 1 sep 1573 and 1 June 1574,II:534-559,another notebook in response to 2nd accusation,"Daniel, translatio, dreams -- God lessened silver production so Indians will be treated better 542' God ordered Toledio to kill off Incas",,"nothing here about future except ""god will remedy Peru"" indios won't suffer",,,,,,,,,,,,,,,,,
1573,,oral testimony,7 Oct 1573,II:559-564,,,,,,,,,,,,,,,,,,,,,
,,oral testimony, 8 Oct 1573 ,II:564-573,,,,,,,,,,,,,,,,,,,,,
,,oral testimony ,11 Dec 1573,II:573-574,,,,,,,,,,,,,,,,,,,,,
,,oral testimony  ,12 Dec 1573 ,II:574-581,,priests in Indies should be from Spain (not Indios nor criollos) II:579,,quiere Dios hacer a esta tierra Iglesia suya 579,,,,,,,,,,,,,,,,,
,,oral testimony,14 Dec 1573,II:581-582,,,,,,,,,,,,,,,,,,,,,
1574,,court proceeding,8 Feb 1574,II:583-583,"On Sep 16, 1573, Lic Guarnido was assigned as Cruz's lawyer. Here Cruz requests that Lic Cosme Carrillo be appointed to work alongside Guarnido. Inquisitors say no.",,,,,,,,,,,,,,,,,,,,
,,court proceeding,20 Mar 1574,II:583-584,testimony from 9 Oct 1571 to 8 Feb 1574 read to him. His lawyer will study it.,,,,,,,,,,,,,,,,,,,,
,,court proceeding,29 Mar 1574,II:584-585,"His lawyer Guarnido says I'm not a theologian, I need one to weigh in.  ",They give Cruz more paper. 12 pages.,,,,,,,,,,,,,,,,,,,
,,written testimony,2 Apr 1574,II:585-621,,"God ""quiere fundar su Iglesia en las Indias"" II:615   12 pages presented -- Seria azote de Dios para los cristianos que Dios destruyese a los indios (we need themso!) 612; Meneses 618 como dice y lo explicaba que el verdadero conocimiento de Nuestro Sr. Jesucristo y de su Bendita Madre se habia de pasar a las Indias (still not destruction in Europe and translatio)",, seria castigo grande y azote para los cristianos si dios destruyese a los indios de quien los espanoles tienen tanta necesitad. 612,,,,,,,,,,,,,,,,,
,,court proceeding,19 Apr 1574,II:621-622,lawyer Guarnido asks if Miguel Adriano (Dominican) can be the theologian to help him,,,,,,,,,,,,,,,,,,,,
,,court proceeding,20 Apr 1574,II:622-624,Tribunal orders Miguel Adriano approved as theologian (even though he's from same order as Cruz),,,,,,,,,,,,,,,,,,,,
,,oral testimony,10 May 1574,II:622-624,,,,,,,,,,,,,,,,,,,,,
,,court proceeding,24 May 1574,II:624-625,Expert testimony - Miguel Adriano. Does not contain the content of what he said.,,,,,,,,,,,,,,,,,,,,
,,court proceeding,26 May 1574,II:625,Expert testimony - Miguel Adriano. Does not contain the content of what he said.,,,,,,,,,,,,,,,,,,,,
,,court proceeding,28 May 1574,II:625,Miguel Adrian and Guarido discuss with tribunal whether Adrian can help Cruz.,,,,,,,,,,,,,,,,,,,,
,,oral testimony,4 Jun 1574 ,II:625-628,,first 2 questions Adrian wanted Cruz to be asked,,,,,,,,,,,,,,,,,,,
,,expert testimony, 4 Jun 1574,628-631,Miguel Adrian (theologian)'s opinion,,,,,,,,,,,,,,,,,,,,
,,oral testimony,4 Jun 1574 ,630-632,Cruz's response to Adrian's advice/opinion,"Cruz says: yeah, no thanks. ",,,,,,,,,,,,,,,,,,,
,,oral testimony ,5 Jun 1574,632-633,,,,,,,,,,,,,,,,,,,,,
,,court proceeding,5 Jun 1574,633-634,fiscal moves the trial into the evidentiary phase. Inquisitors close the pleading stage and order the ratification and publication of witness testimonies.,,,,,,,,,,,,,,,,,,,,
,,court proceeding,28 Jun 1574,634-635,"Cruz asks for paper. Since the argument has to do with Sacred Scripture, he needs to write in Latin. And in writing he be better able to express. ""I can't remember well on the fly."" They refuse. Go think about it and then tell us orally, they say.",,,,,,,,,,,,,,,,,,,,
,,oral testimony,30 Jun 1574,635-641,,"los profetas hablan por figuras. 635  figura, Maria P. = figura de la Iglesia de esta tierra 637;  FIGURAS IN GENERAL",,los sacerdotes que ensenan a los indios deben consentirles las cosas [a] que ellos son aficionados… hasta que se aficionen a las cosas de la cristiandad. 638 the bishops in the 2nd council of Lima prohibited Indios too many things they liked; he treated the indios like a father and had success 639; religious were ignorant of indian customs 640,how indians should be converted. How they've been treated in the past; how Cruz treated them and converted them by respecting their customs 642 (dance),,,,,,,,,,,,,,,,
,,oral testimony ,2 July 1574,II:641-646,,,,"analogy: what happened w/ Maria is like what happens today w/ indios: devil expelled/ they are baptized but them maria called demonios and indios ""despues se vuelven a sus idolatrias porque les vedan los cristianos las cosas a que los indios estan aficionados."" 643 it's just common for religious to talk about ""cosas de los indios"" 644",,,,,,,,,,,,,,,,,
,,oral testimony,10 July 1574,II: 646-650,,Maria = Indies; su madre= espanoles 647  649 he is warned to not spent hearings talking about irrelevant stuff.,,"Maria = la comunidad de indios who suffer from demons and from spanish 647 ""entre tanto que los indios no se confesaren de veras no dejaran las idolatrias. ?? So they SHOULD confess? Sometimes they don't because of the demons (just like maria). Indios are commonly treated poorly, so they don't confess fully. 648",,,,,,,,,,,,,,,,,
,,oral testimony,18 Aug 1574,II:650-654,Oral testimony in response to reading everything,,,,,,,,,,,,,,,,,,,,
,,oral testimony,23 Sep 1574,II:654-657,Oral testimony in response to reading everything,,,,,,,,,,,,,,,,,,,,
,,court proceeding,25 Sep 1574,II:657-658,"They ask him to ratify accuracy of his ""confessions"". They ask him to remember a sermon preached in Lima about angel st. gabriel. He doesn't remember.",,,,,,,,,,,,,,,,,,,,
,,oral testimony,13 Nov 1574,II:658-665,,"about witness Sarmiento, astrology; Iglesia de esta tierra es de criollos 663  HIS LOCURA IS IN NOV 1574",,"662: Maria = indios 662; ""el temor que el pueblo de israel/indios tiene al pueblo de los gentiles que son los espanoles 664",,,,,,,,,,,,,,,,,
,,oral testimony,16 Nov 1574,II:665-671,,4 beasts of Daniel -- 4th is Spain,,the prediction of the evangelio en las Indias before judgment day se ha de predicar en evangelio en toda la tierra convertir pueblo de israel. 667,,,,,,,,,,,,,,,,,
,,oral testimony,17 Nov 1574,II:672-83,,,,,,,,,,,,,,,,,,,,,
,,oral testimony,18 Nov 1574,II:683-687,,,,,,,,,,,,,,,,,,,,,
,,oral testimony,19 Nov 1574,II:687-699,,tiene revelacion de Dios en lo que dice y que ya habla como profeta y como interprete de Dios. 690  688 Daniel,,,,,,,,,,,,,,,,,,,
,,oral testimony,20 Nov 1574,II:699-705,,,,,,,,,,,,,,,,,,,,,
,,court proceeding,20 Nov 1574,II:709-711,"Ncotary's complaining - Cruz hit him, laughing","they send him back to his cell,  chain him ",,,,,,,,,,,,,,,,,,,
,,court proceeding,22 Nov 1574,II:711-12,He comes to the hearing in cuffs and feet chained,call a doctor. He says crazy thing notary doesn't want to write so as not to offend,,,,,,,,,,,,,,,,,,,
,,doctor testimony,23 Nov 1574,II:712,"""tocado del juicio""","saw Cruz yesterday. ""esta tocado del juicio de humor adusto melancolico… hombre furioso y mamaco""",,,,,,,,,,,,,,,,,,,
1575,,doctor testimony,12 Jan 1574,II:712-713,Cruz is good to go.,,,,,,,,,,,,,,,,,,,,
,,oral testimony,12 Jan 1575,II:713-719,he knew he was crazy,he died and god resurrected him 717,,,,,,,,,,,,,,,,,,,
,,oral testimony,13 Jan 1575,II:719-730,,726 Roma esta perdida; lima sera la cabeza de la iglesia; malos christianos destroyed rome; translatio 727; POPE AND KING.725 DESTRUCTION,,,,,,,,,,,,,,,,,,,
,,oral testimony ,14 Jan 1575,II:730-740,,es legitimo heredero el reino de Espana 733,,,,,,,,,,,,,,,,,,,
,,oral testimony,15 Jan 1575,II:740-742,,,,,,,,,,,,,,,,,,,,,
,,doctor testimony,15 Jan 1575,II:742-743,,,,,,,,,,,,,,,,,,,,,
,,doctor testimony,17 Jan 1575,II:743-746,,he's good,,,,,,,,,,,,,,,,,,,
,,oral testimony,19 Jan 1575,II:743-746,,,,,,,,,,,,,,,,,,,,,
,,oral testimony,21 Jan 1575,II:746-751,,"pope, king, god told him clerigos will marry ""de aqui en adelante: 756",,,,,,,,,,,,,,,,,,,
,,oral testimony,22 Jan 1575,II:751-758,,,,,,,,,,,,,,,,,,,,,
,,oral testimony,24 Jan 1575,II:758-773,,,,,,,,,,,,,,,,,,,,,
,,oral testimony,25 Jan 1575,II:773-781,,,,,,,,,,,,,,,,,,,,,
,,oral testimony,26 Jan 1575,II:781-789,,"787: priests will marry, indios not obligated to confess; god told him to marry dona Leonora. 788",,"785: dijo Dios a FC en su espiritu claramente que por ahora no obliguen a los indios a confesarse. ""no seran a las derechas y perfectamente cristianos los indios hasta que se confiesen sacramentalmente y enteramente. Pero para evitar mayor mal de muchos sacrilegios, por ahora no los obliguen a confesarse hasta que tengan mas asentada la fe. ",,,,,,,,,,,,,,,,,
,,oral testimony,28 Jan 1575,II:789-792,,,,,,,,,,,,,,,,,,,,,
,,court proceeding,29 Jan 1575,II:792,Fiscal accepts testimony from 2 Jan to 28 Jan 1575,,,,,,,,,,,,,,,,,,,,
,,oral testimony,3 Feb 1575,II:792-798,,translatio ecclesiae p 794,,,,,,,,,,,,,,,,,,,
,,oral testimony,8 Feb 1575,II:798-809,,"translatio ecclesiae p 799, 807  God said through FC que no habria cisma sino que el turco destruiria o ha destruido ya a Roma, de manera que ya no hay Roma 800 -- he now understands more (since he was crazy) 809  ",,"804 God will make the weak Indians strong. P 805: hasta ahora los espanoles no hacen buena compania con los indios sino como lobos con corderos, pero vera dios que de aqui adelante se hagan buena compania y hermandad los unos con los otros""; 808 one reason God will punish Spain is that it hasn't cuidado for salvation of indios ",,,,,,,,,,,,,,,,,
,,oral testimony,11 Feb 1575,II:809-816,,1584; San gregorio de valladolid 816,,,,,,,,,,,,,,,,,,,
,,oral testimony,12 Feb 1575,II:817-825,,1584,,,,,,,,,,,,,,,,,,,
,,oral testimony,14 Feb 1575,II:825-827,,,,,,,,,,,,,,,,,,,,,
,,oral testimony,17 Feb 1575,II:827-830,,church corruption,,,,,,,,,,,,,,,,,,,
,,court proceeding,18 Feb 1575,II:830-834,Fiscal accepts testimony in Feb.,,,,,,,,,,,,,,,,,,,,
,,oral testimony,1 Mar 1575,II:830-834,,"bigamy, no confession",,,,,,,,,,,,,,,,,,,
,,oral testimony,2 Mar 1575,II:834-839,,king of New Spain? Or Peru? P 837    836: encomienda is OK; ,,"confirma a todos los que tienen indios en su cabeza por sus meritos, y no los que los tienen por sus mujeres. Y que se los da perpetuos sin rescate de esta manera: Que por las vidas que los tienen, los tengan como hasta ahora los han tenido… 836",,,,,,,,,,,,,,,,,
,,oral testimony,17 Mar 1575,II:839-845,,"el turco…destruira a los cristianos y a los que no le reconocen por senor en esas otras tierras fuera de las Indias. ""como cuando un perro toma una liebre""  destruccion de Espana como la destruccion de Babilonia en el Apocalipsis. 840",,,,,,,,,,,,,,,,,,,
,,oral testimony,26 Mar 1575,II:846-847,,He's heard of Lepanto 847,,,,,,,,,,,,,,,,,,,
,,oral testimony,13 May 1575,II:848-853,,"Gabrielico will be famous preacher, will tell in Spain and Europe about these prophecies (conceived here en un rincon)",,,,,,,,,,,,,,,,,,,
,,oral testimony,14 May 1575,II:853-861,,,,,,,,,,,,,,,,,,,,,
,,oral testimony,8 Jun 1575,II:861-866,,needs to drink wine LOL,,,,,,,,,,,,,,,,,,,
,,oral testimony,25 Jun 1575,II:866-874,,"Las Casas, Meneses 867, translatio ecclesiae; destruction of Spain & Italy worm - 868 HE HEARD A DOMINICAN IN N.S. SAID TRANSLATIO TO INDIES",,,,,,,,,,,,,,,,,,,
,,oral testimony,9 Jul 1575,II:874-877,,"begs forgiveness for what he said ""alocadamente"" 877",,,,,,,,,,,,,,,,,,,
,,oral testimony,12 Jul 1575,II:877-881,,begs for mercy; God told him to recant; he didn't understand cosas de la sagrada escritura,,"indios ""ladinos"" shoul dbe made to confess bc they get it. 883",,,,,,,,,,,,,,,,,
,,oral testimony,13 Jul 1575,II:881-885,,,,,,,,,,,,,,,,,,,,,
,,oral testimony,17 Aug 1575,II:885-889,,,,,,,,,,,,,,,,,,,,,
,,oral testimony,9 Sep 1575,II:889-896,,"next concilio de Lima he will convince all of his truth -- send a visitador -- complaints against inquisitors; 895: el misterio y conclusion de todo ellos es que Dios quiere hacer Iglesia suya a las Indias, y que amenaza Dios a Italia y a Espana y a la demas Cristiandad de Europa que los destruira por mano del turco, si no se enmiendan. Y que si con efecto, no enmendandose, destruye Dios la ciristiandad de Europa y a Roma, fundara la cabeza de la Iglesia en otra parte, significada por esta ciudad de Lima. ",,,,,,,,,,,,,,,,,,,
,,oral testimony,13 Sep 1575,II:896-900,,3 other prophets in Lima 897,,,,,,,,,,,,,,,,,,,
,,oral testimony,16 Sep 1575,II:900-905,,,,"""dijo el angel que no hay que tener escrupulo de conquistar a los indios, porque es el pueblo de Israel y quiere Dios que sean ensenados en la fe y es este el medio naturalmente necesario. And nice ""humilde"" spaniards should do the conquering ""And to make them want to come ""se les den indios en repartimiento, como suelen, con moderacion en el servicio o tributo. Y que no se les den de aqui adelante por dos vidas sino por una no mas. 909 ",,,,,,,,,,,,,,,,,
,,oral testimony,17 Sep 1575,II:906-911,,"he identifies the 1 other prophetl 909 que vayan gente humilde de espana 909: rey y papa; encomienda 909; 910 indios aren't rational ""por ahora"" -- so that they won't commit pecados mortales",,,,,,,,,,,,,,,,,,,
,,oral testimony,19 Sep 1575,II:911-921,,identifies the 2nd prophet 913; 3rd prophet p 914; slaves are enslaved for sins of parents 911,,,,,,,,,,,,,,,,,,,
,,oral testimony,22 Sep 1575,II:921-924,,,,"bc indios are carne y sangre de jesus, se quiere dios hacer como nino, conformandose con la capacidad d elos indios, gobernandolos como a ninos y galandolos con mas particuar regalo y providencia que a la iglesia de los cristianos descendientes de los gentiles. 923",,,,,,,,,,,,,,,,,
VOL 3,,,,,,,,indios 127,,,,,,,,,,,,,,,,,
,,Witness testimony  #25,Feb 1572,II:927,,Beatriz Bravo de Laguna,,,,,,,,,,,,,,,,,,,
,,#26,Feb 1572,II:928-929,,Juan Davalos de Ribera,,,,,,,,,,,,,,,,,,,
,,#27,"Feb 1572, Jan 1573",II:929-933,,Beatriz de Ribera,,,,,,,,,,,,,,,,,,,
,,#28,Feb 1572,II:933-934,,Fray Antonio de Hervias,,,,,,,,,,,,,,,,,,,
,,#29,Feb 1572,II:934-935,,Fray Juan de la Cruz,,,,,,,,,,,,,,,,,,,
,,#30,Mar 1572,II:935-936,,Juan Salgado de Vivero  -- papal indulgences,,,,,,,,,,,,,,,,,,,
,,#31,Mar 1572,II:936-937,,Luis de Mateos --,,,,,,,,,,,,,,,,,,,
,,#32,May 1572,II:937-939,,Juan de Aliaga  -- purgatory,,,,,,,,,,,,,,,,,,,
,,#33,May 1572,II:939-979,,Fray Alonso Gasco  - first deposition,,,,,,,,,,,,,,,,,,,
,,,July 1572,II:980-997,,Gasco - second deposition,,982: FC asked the saints if the conquests of indios were licitos,,,,,,,,,,,,,,,,,
,,,Sept 1572,II:998-1010,,Gasco - third deposition,,,,,,,,,,,,,,,,,,,
,,,May 1573,II:1010-1017,,Gasco - fourth deposition,,,,,,,,,,,,,,,,,,,
,,Witness testimony #33,Sept 1574,II:1018-1019,,Gasco - fifth deposition,,,,,,,,,,,,,,,,,,,
,,Witness testimony #33,May 1575,II:1019-1020,,Gasco - sixth deposition,,,,,,,,,,,,,,,,,,,
,,#34-38,various dates,II:1021-1037,,,,,,,,,,,,,,,,,,,,,
,,#39,Jan 1573,II:1038-1055,,Maria Pizarro - first deposition,,,,,,,,,,,,,,,,,,,
,,,Dec 1573,II:1055-1056,,Maria Pizarro - second deposition,,,,,,,,,,,,,,,,,,,
,,#40-59,various dates,II:1056-1072,,,,,,,,,,,,,,,,,,,,,
,,#60,1575,II:1072-1085,,"Fray Gaspar de la Huerta - 1st depo -- when Cruz was in stocks he said he was to be Pope and King, Spain and Rome would be destroyed.",,,,,,,,,,,,,,,,,,,
,,#60,Jun 1575,II:1085-1142,,Fray Gaspar de la Huerta - second deposition  translatio p 1118; FC = legit king of Spain. Dios le ha hecho rey y papa … el es el que ha de remediar todo el mal concierto que el dice que ha habido hasta ahora en Espana y Roma y en estas partes: Que asi se lo ha prometdio Dios. 1118,,a los indios que los dejen estar en sus ceremonias antiguas de adorar guacas e idolos… 1119,,,,,,,,,,,,,,,,,
,,#61,Nov 1574,II:1142-1146,,Juan Osorio,,,,,,,,,,,,,,,,,,,
,,#62,July 1575,II:1146-1152,,Maestro Morales,,,,,,,,,,,,,,,,,,,
,,#63,Dec 1574,II:1152-1154,,Pedro de Salcedo ,,,,,,,,,,,,,,,,,,,
,,#64-66,summer 1575,II:1155-1157,,"Fray Gaspar de Bustamante, Diego Vaca, Santos Hernandez",,,,,,,,,,,,,,,,,,,
,,#67,Jan 1572,II:1158,,Jeronimo Ruiz de Portillo,,,,,,,,,,,,,,,,,,,
,,#68,Oct 1575,II:1158-1159,,Aznar de Biedma,,,,,,,,,,,,,,,,,,,
,,#23,May 1575,II:1159-1161,,Cristobal Sanchez de Rozas (adiciones to testimony vol I p 872,,,,,,,,,,,,,,,,,,,
,,#36,Aug 1575,II:1161-1172,,Pedro de Toro (adiciones),,,,,,,,,,,,,,,,,,,
,,#68,Nov 1575,II:1172-1173,,Biedma,,,,,,,,,,,,,,,,,,,
1575,,oral testimony,[Nov or Dec 1575],II:1173-1178,oral response to publication of witness testimony,"destruction of European church, antipapa, concilios en Roma y Lima",,,,,,,,,,,,,,,,,,,
,,oral testimony,1 Dec 1575,II:1178-1183,oral response to publication of witness testimony,"antipapa, buenos cristianos huyan a Peru ",,,,,,,,,,,,,,,,,,,
,,oral testimony,2 Dec 1575,II:1183-1192,oral response to publication of witness testimony,"dreams of San Andres, San Pedro, refuge ",,,,,,,,,,,,,,,,,,,
,,oral testimony,3 Dec 1575,II:1192-1204,oral response to publication of witness testimony,"will be king of all of Indies (including NS), Indios and Espanoles will make one Church; Spain will be envious of Peru; the Liga v. turks",,"las dos iglesias de espanoles e indios, juntandolas en una iglesia 1202",,,,,,,,,,,,,,,,,
,X,oral testimony,5 Dec 1575,II:1204-1219,oral response to publication of witness testimony,"Apocalpsis -- God told him how it will happen (1209) - ""Dec del Apoc"" 1212 pp.",,,,,,,,,,,,,,,,,,,
,X,oral testimony,6 Dec 1575,II:1219-1231,oral response to publication of witness testimony,Hebrew like native lang. 1223,,God told him to make a book in which he would write xian doctrine for indians. 1230,,,,,,,,,,,,,,,,,
,X,oral testimony,7 Dec 1575,II:1231-1245,oral response to publication of witness testimony,About his being crazy because he didn't want to say gold told him Euro Church would be destroyed,,,,,,,,,,,,,,,,,,,
,,oral testimony,9 Dec 1575,II:1245-1252,oral response to publication of witness testimony,bodas con el reino del Peru,,,,,,,,,,,,,,,,,,,
,,oral testimony,10 Dec 1575,II:1253-1266,oral response to publication of witness testimony,,,,,,,,,,,,,,,,,,,,
,,oral testimony,14 Dec 1575,II:1266-1270,oral response to publication of witness testimony,,,,,,,,,,,,,,,,,,,,
,,oral testimony,15 Dec 1575,II:1270-1274,oral response to publication of witness testimony,,,,,,,,,,,,,,,,,,,,
,,oral testimony,16 Dec 1575,II:1274-1285,oral response to publication of witness testimony,He can't remember what happened when he was crazy,,,,,,,,,,,,,,,,,,,
,,oral testimony,19 Dec 1575,II:1285-1292,oral response to publication of witness testimony,bodas -- what each person represents  marry multiple women,,iglesia de los espanoles; de los criollos; de indios. ,,,,,,,,,,,,,,,,,
,,oral testimony,20 Dec 1575,II:1292-1297,oral response to publication of witness testimony,,,,,,,,,,,,,,,,,,,,
,,oral testimony,22 Dec 1575,II:1297-1302,oral response to publication of witness testimony,,,,,,,,,,,,,,,,,,,,
,,oral testimony,23 Dec 1575,II:1302-1306,oral response to publication of witness testimony,,,,,,,,,,,,,,,,,,,,
1576,,oral testimony,12 Jan 1576,II:1309-1312,Analysis of notebooks/books in his possession,San Gregorio 1311,,,,,,,,,,,,,,,,,,,
,,oral testimony,14 Jan 1576,II:1312-1315,,letters taken to spain by Fray Andres Velez against inquisitors,,,,,,,,,,,,,,,,,,,
,,court proceeding,23 Jan 1576,II:1315-1333,163 proposiciones (first set),,,"Que las conquistas que se hacen a los indios son licitas; y que en predicar lo contrario los fariles de Santo Domingo, se enganan; y que como se han de salvar aquellas almas si no es mediante las conquistas. 1317; no obliguen a los indios a confesarse 1322; 1326 ""da indios perpetuos sin rescates""; no tienen entero uso de razon por ahora 1327; god will change the doctrina y mandamientos de su iglesia por la flaqueza de los indios (have many women, no confession nec.) 1328; que para el gob. de los indios no se les pongan las leyes canonicas y civiles que tienen..los espanoles, sino las leyes de Moises judiciales y morales 1328; que dios concede a los indios tener muchas mujeres ","good example of how it's not really a prediction, a prophecy, but how he thinks converstion should progress.",,,,,,,,,,,,,,,,
,,oral testimony,23 Jan 1576,II:1333-1337,Oral response to 1st proposiciones,,,,,,,,,,,,,,,,,,,,
,,oral testimony,24 Jan 1576,II:1337-1350,Oral response to 1st proposiciones,,,,,,,,,,,,,,,,,,,,
,,oral testimony,25 Jan 1576,II:1350-1356,Oral response to 1st proposiciones,,,,,,,,,,,,,,,,,,,,
,,written testimony,27 Jan 1576,II:1356-1371,Written response to 1st proposiciones,"pope, king 1365-1370",,,,,,,,,,,,,,,,,,,
,,court proceeding,27 Jan 1576,II:1371,second set  of propositions,,,,,,,,,,,,,,,,,,,,
,,oral testimony,27 Jan 1576,II:1371-1372,Oral response to 2nd proposiciones,,,,,,,,,,,,,,,,,,,,
,,oral testimony,4 Feb 1576,II:1372-1374,Ratificacion contra terceros,Here Cruz is certifying that parts of his testimony can be used as a witness against others.,,,,,,,,,,,,,,,,,,,
,,court proceeding,7 Feb 1576,II:1374-1375,calificadores approve of propositions,Acosta y fray Miguel adrian,,,,,,,,,,,,,,,,,,,
,,oral testimony,7 Feb 1576,II:375-1377,,,,,,,,,,,,,,,,,,,,,
,,court proceeding,16 Feb 1576,II:1377-1379,third proposiciones,charges 167-170,,,,,,,,,,,,,,,,,,,
,,oral testimony ,16 Feb 1576,II:1379-1383,oral response to 3rd proposiciones,"Las Casas wasn't truthful about Indies; encomienda ""no lo contradice Dios"" 1380  ",,"tribute is OK, antes dios lo aprueba. 1380",,,,,,,,,,,,,,,,,
,,oral testimony,17 Feb 1575,II:1384,,"Las Casas was good guy, but ""se cegaba algunas veces con la aficion que tenia a volver por los indios""    1384",,,,,,,,,,,,,,,,,,,
,,court proceeding,17 Feb 1576,II:1384-1385,appointment of new patrons,"Three theological patrons—Fray García de Toledo, Fray Alonso de la Cerda, and Fray Gabriel de Saona—sworn in toprovide counsel to Cruz. He briefs them (content not included). ",,,,,,,,,,,,,,,,,,,
,,court proceeding,18 Feb 1576,II:1386,Cruz briefs patrons ,,,,,,,,,,,,,,,,,,,,
,,court proceeding,22 Feb 1576,II:1386-1387,Cruz briefs patrons ,first propositions and Cruz's previous responses are  read aloud so the patrons can better understand the case and offer advice.,,,,,,,,,,,,,,,,,,,
,,court proceeding,24 Feb 1576,II:1387-1389,Patrons give their advice (retract everything re angel).,rest of propositions read out loud. Patrons advise him to retract everything he claimed revealed by angel and declare angel to be evil. He says he can't. Cerda warns him that further delay in retracting could lead him to being burned as a heretic. Cruz says he needs time to pray.,,,,,,,,,,,,,,,,,,,
,,oral testimony,27 Feb 1576,II:1390-1392,Cruz says he can't retract,"God told him this is a ""borrador"" so sometimes he doesn't understand what God told him 1391.  He should think about whatever he might want to add. trial about to finish. 1392",,,,,,,,,,,,,,,,,,,
,,court proceeding,28 Feb 1576,II:1392-1392,asks for paper,"asks for paper to write his ""ultimas defensas""",,,,,,,,,,,,,,,,,,,
,,court proceeding,29 Feb 1576,II:1392-1393,Cruz restates he can't accept patrones's advice,,,,,,,,,,,,,,,,,,,,
,,written testimony,2 Mar 1576,II:1394-1415,6 pages. Last written defense.,"his ""maestros de teologia"" 1395, San Gregorio. Bigamy",,que se les pongan [a los indios] las leyes que por un Concilio la Iglesia juzgare que conviene ponerles,"good example of how he's not predicting, he's saying this is what should happen. Here's he's even saying that a council of the church should decide! 1396",,,,,,,,,,,,,,,,
,,oral testimony ,13 Mar 1576,II:1415-1417,,sonnet that angel showed to Huerta 1415,,,,,,,,,,,,,,,,,,,
,,oral testimony,3 Apr 1576,II:1417-1419,,,,,,,,,,,,,,,,,,,,,
,,oral testimony,12 May 1576,II:1419-1421,,,,,,,,,,,,,,,,,,,,,
,,oral testimony,14 Jun 1576,II:1421-1425,,Cisma? Translatio; FC y Hervias son figura del Papa y del Antipapa,,,,,,,,,,,,,,,,,,,
,,oral testimony,15 Jun 1576,II:1426-1428,,,,,,,,,,,,,,,,,,,,,
,,oral testimony,22 Jun 1576,II:1428-1432,,"""historia profetica del evangelio…"" Apoc.",,,,,,,,,,,,,,,,,,,
,,oral testimony,28 Jun 1576,II:1432-1435,,figuras,,,,,,,,,,,,,,,,,,,
,,oral testimony,14 Jul 1576,II:1435-1440,,7 sellos ,,,,,,,,,,,,,,,,,,,
,,oral testimony,21 Jul 1576,II:1440-1442,,I was crazy but now I am saner than ever ,,,,,,,,,,,,,,,,,,,
,,oral testimony,24 Jul 1576,II:1442-1445,,Crist echara de las Indias el demonio,,,,,,,,,,,,,,,,,,,
,,oral testimony,1 Aug 1576,II:1445-1450,,"antipapa, David",,,,,,,,,,,,,,,,,,,
,,oral testimony,2 Aug 1576,II:1450-1456,,"1584, trials and tribulations",,,,,,,,,,,,,,,,,,,
,,oral testimony,9 Aug 1576,II:1456-1463,,"estrellas y cielos that show translatio. Daniel, apoc, historia profetica de salmos",,,,,,,,,,,,,,,,,,,
,,oral testimony,18 Aug 1576,II:1463-1468,,"libros de astrologia -- De las efemerides, San Gregorio, Frailes de Sto Domingo, seat can move/translatio - un fraile de la NE habia tenido una revelacion en que se le mostraba que la iglesia se habia de pasar a las Indias.",,,,,,,,,,,,,,,,,,,
,,court proceeding,5 Sep 1576,II:1468-1470,,Cruz is warned about concealing who his supporters are. Notary testifies that Ulloa did not tell him that the Inquisition would arrest any of his supporters.,,,,,,,,,,,,,,,,,,,
,,oral testimony,6 Sep 1576,II:1470-1472,,,,,,,,,,,,,,,,,,,,,
,,oral testimony,7 Sep 1576,II:1472-1475,,Nueva Iglesia de Israel (en Indias),,,,,,,,,,,,,,,,,,,
,,oral testimony,12 Sep 1576,II:1475-1481,,"Mt. Zion = Lima, Isais, God doesn't want contact between Indias & Europe, Antipapa, time confusion in Bible",,,,,,,,,,,,,,,,,,,
,,oral testimony,13 Sep 1576,II:1481-1486,,"FC = descendant of David, New Church in Indies, role of Gabrielico in church after FC's death",,,,,,,,,,,,,,,,,,,
,,oral testimony,17 Sep 1576,II:1486-1493,,"Zion = Lima, Gabrielico his successor, refuge for good christians",,,,,,,,,,,,,,,,,,,
,X,oral testimony,18 Sep 1576,II:1493-1500,,"""el gran castigo"" will begin through turks in 1581 (Spain), 1584 (Rome), Habacuc",,,,,,,,,,,,,,,,,,,
,X,oral testimony,19 Sep 1576,II:1500-1511,,"Pachacuti  1503  = conversion, figuras",,"los indios de cuzco dicen que estos anos ha de haber pachacuti, -- el mundo se ha de volver lo de abajo arriba 1503; when the older indians die off, the younger ones (who don't have aficion a los demonios) will convert easily. ",,,,,,,,,,,,,,,,,
,,oral testimony,25 Sep 1576,II:1511-1512,,at the end of Cruz's testimony there's a small paragraph where the notary notes a particular phrase Cruz said.,,,,,,,,,,,,,,,,,,,
,,oral testimony,26 Sep 1576,II:1512-1517,,"FC = descendant of ""reyes legitimos de Esp"", difficulty of interpreting prophecy, One Church (Iglesia de Israel, etc.)",,,,,,,,,,,,,,,,,,,
,,oral testimony,6 Oct 1576,II:1517-1521,,seat of church doesn't have to be in Rome 1520,,,,,,,,,,,,,,,,,,,
,,oral testimony,8 Oct 1576,II:1521-1523,,God told him that Pope Gregorio XIII resigned and he's been elected Pope 1522,,,,,,,,,,,,,,,,,,,
,,oral testimony,9 Oct 1576,II:1523-1525,,,,,,,,,,,,,,,,,,,,,
,,oral testimony,24 Oct 1576,II:1525-1528,,"Zion=Lima, caballo blanco opening of first seal apocalypse",,,,,,,,,,,,,,,,,,,
,,oral testimony,25 Oct 1576,II:1528-1532,,opening seal of apocalypse,,,,,,,,,,,,,,,,,,,
,,oral testimony,26 Oct 1576,II:1532-1539,,"caballo negro del Apocalypse, cuarto sello, quinto",,,,,,,,,,,,,,,,,,,
,,oral testimony,27 Oct 1576,II:1539-1543,,"""el abad Joaquin"" 1543  Joaquin de Fiore  apocalypse",,,,,,,,,,,,,,,,,,,
,,oral testimony,30 Nov 1576,II:1543-1548,,"""sentido literal en escritura que la iglesia ha de pasarse al pueblo de Israel"" = Indias",,,,,,,,,,,,,,,,,,,
,,oral testimony,12 Dec 1576,II:1548-1555,,translatio will occur in current lifetime,,,,,,,,,,,,,,,,,,,
,,oral testimony,13 Dec 1576,II:1555-1562,,,,,,,,,,,,,,,,,,,,,
,,oral testimony,14 Dec 1576,II:1562-1568,,"castigo que dios ha de hacer en el Antipapa y sus complices, his childhood, castigo (1567) huyanse a los montes",,,,,,,,,,,,,,,,,,,
,,court proceeding,21 Dec 1576,II:1571,Vote of experts (to be relaxed to secular arm),,,,,,,,,,,,,,,,,,,,
1577,,court proceeding,18 May 1577,II:1571-1574,he is admonished for being silent about his supporters. Torture in caput alienum ordered, -- he will be forced to watch others being tortured to compel his own confession. ,,,,,,,,,,,,,,,,,,,
,,oral testimony ,18 May 1577,II:1574-1576,(Response to warning),witnesses testifying worst against him are 3 mestizos; condemns the inquisitors and secretary,,,,,,,,,,,,,,,,,,,
,,court proceeding,18 May 1577,II:1576-1578,"inquisitors order torture, for him to undress and confess.","""condenamis a FC a que sea puesto a cuestion de tormento in caput alienum""",,,,,,,,,,,,,,,,,,,
1578,,court proceeding,13 Mar 1578,II:1578-1579,Auto para reducir al Reo - Cruz meets with theologians who try to convince him he's wrong.,everyone tells him what he's said are heresies.,,,,,,,,,,,,,,,,,,,
,,witness testimony,13 Mar 1578,II:1579,"Cristobal Ruiz Tostado, warden",,,,,,,,,,,,,,,,,,,,
,,court proceeding,14 Mar 1578,II:1579-1581,Segundo auto para reducir al reo,,,,,,,,,,,,,,,,,,,,
,,court proceeding,13 Apr 1578,II:1585-1645,Sentence,"""secta"" - 4 x",,,,,,,,,,,,,,,,,,,
